Complexity,Loss,Equation
1,7744.0,"149.00003"
3,124.87966,"x0 * 0.0038552436"
5,0.0,"(x0 * 0.0034890866) - -19.84622"
