Complexity,Loss,Equation
1,2.0643942e8,"18464.484"
3,7.171549e7,"77669.49 - x0"
5,0.0,"(x0 * -2.4354608) + 162656.67"
