Complexity,Loss,Equation
1,1.841449e8,"24895.072"
3,1.6044589e8,"x0 * 1.613197"
5,0.0,"-352497.22 - (x0 * -24.017706)"
