Complexity,Loss,Equation
1,3.7748736e7,"43008.0"
3,299209.0,"59122.0 - x0"
5,0.0,"(x0 * -1.0977309) + 60696.836"
