Complexity,Loss,Equation
1,9.0,"5.000056"
3,0.004133735,"50308.336 / x0"
5,1.1368684e-13,"(x0 * -0.00029931156) + 9.877282"
7,0.0,"(404.63385 / (x0 / 122.10129)) + 0.122717716"
