Complexity,Loss,Equation
1,1332.25,"66.49996"
5,0.0,"(x0 * -0.0021011424) + 167.22562"
