Complexity,Loss,Equation
1,3.501706e6,"x0"
3,2.1995492e6,"x0 * 1.0266962"
5,0.0,"(x0 * 1.5525947) + -22526.61"
